{
    "name": "object",
    "roles": [
        "object"
    ],
    "lookups": [
        "free-text",
        "keywords"
    ],
    "keywords": [
        {
            "keyword": "box",
            "synonyms": [
                "box"
            ]
        },
        {
            "keyword": "cylinder",
            "synonyms": [
                "cylinder"
            ]
        },
        {
            "keyword": "globe",
            "synonyms": [
                "globe"
            ]
        }
    ]
}
