{
    "utterances": [
        {
            "text": "I summon a box",
            "entities": [
                {
                    "entity": "object:object",
                    "start": 11,
                    "end": 14,
                    "body": "box",
                    "entities": []
                }
            ],
            "traits": [],
            "intent": "add_object"
        },
        {
            "text": "add a cylinder",
            "entities": [
                {
                    "entity": "object:object",
                    "start": 6,
                    "end": 14,
                    "body": "cylinder",
                    "entities": []
                }
            ],
            "traits": [],
            "intent": "add_object"
        },
        {
            "text": "add a globe",
            "entities": [
                {
                    "entity": "object:object",
                    "start": 6,
                    "end": 11,
                    "body": "globe",
                    "entities": []
                }
            ],
            "traits": [],
            "intent": "add_object"
        },
        {
            "text": "can you add a cylinder",
            "entities": [
                {
                    "entity": "object:object",
                    "start": 14,
                    "end": 22,
                    "body": "cylinder",
                    "entities": []
                }
            ],
            "traits": [],
            "intent": "add_object"
        },
        {
            "text": "drop a box",
            "entities": [
                {
                    "entity": "object:object",
                    "start": 7,
                    "end": 10,
                    "body": "box",
                    "entities": []
                }
            ],
            "traits": [],
            "intent": "add_object"
        },
        {
            "text": "drop a globe",
            "entities": [
                {
                    "entity": "object:object",
                    "start": 7,
                    "end": 12,
                    "body": "globe",
                    "entities": []
                }
            ],
            "traits": [],
            "intent": "add_object"
        },
        {
            "text": "drop a sphere",
            "entities": [],
            "traits": [],
            "intent": "add_object"
        },
        {
            "text": "please add a cylinder",
            "entities": [
                {
                    "entity": "object:object",
                    "start": 13,
                    "end": 21,
                    "body": "cylinder",
                    "entities": []
                }
            ],
            "traits": [],
            "intent": "add_object"
        }
    ]
}
